{
  "id": "6eedbe7c-d5de-47d7-855b-e55b17fd3375",
  "name": "recurrence",
  "isOverridable": true,
  "entries": [
    {
      "value": "Mondays",
      "synonyms": [
        "every Monday",
        "Mondays",
        "each Monday",
        "monday"
      ]
    },
    {
      "value": "Tuesdays",
      "synonyms": [
        "Tuesdays",
        "every Tuesday",
        "each Tuesday"
      ]
    },
    {
      "value": "Wednesdays",
      "synonyms": [
        "Wednesdays",
        "every Wednesday",
        "each Wednesday"
      ]
    },
    {
      "value": "Thursdays",
      "synonyms": [
        "Thursdays",
        "every Thursday",
        "each Thursday"
      ]
    },
    {
      "value": "Fridays",
      "synonyms": [
        "Fridays",
        "every Friday",
        "each Friday"
      ]
    },
    {
      "value": "Saturdays",
      "synonyms": [
        "Saturdays",
        "every Saturday",
        "each Saturday",
        "for saturdays"
      ]
    },
    {
      "value": "Sundays",
      "synonyms": [
        "Sundays",
        "every Sunday",
        "each Sunday"
      ]
    },
    {
      "value": "Weekdays",
      "synonyms": [
        "weekdays",
        "every weekday",
        "only on weeekdays",
        "every workday",
        "on weekdays",
        "monday to friday",
        "workday",
        "workdays",
        "work days",
        "working days",
        "week days"
      ]
    },
    {
      "value": "Weekends",
      "synonyms": [
        "weekends",
        "every weekend",
        "only on weekends"
      ]
    },
    {
      "value": "Every day",
      "synonyms": [
        "every day",
        "everyday",
        "every morning",
        "each weekend",
        "each morning",
        "daily"
      ]
    },
    {
      "value": "Mondays, Tuesdays",
      "synonyms": [
        "Mondays, Tuesdays",
        "on Mondays and Tuesdays",
        "every Monday and Tuesday",
        "every Monday and every Tuesday"
      ]
    },
    {
      "value": "Mondays, Tuesdays, Wednesdays",
      "synonyms": [
        "Mondays, Tuesdays, Wednesdays",
        "on Mondays, Tuesdays and Wednesdays",
        "every Monday, Tuesday and Wednesday"
      ]
    },
    {
      "value": "Mondays, Tuesdays, Wednesdays, Thursdays",
      "synonyms": [
        "Mondays, Tuesdays, Wednesdays, Thursdays",
        "every Monday, Tuesday, Wednesday and Thursday",
        "on Mondays, Tuesdays, Wednesdays and Thursdays"
      ]
    },
    {
      "value": "Mondays, Tuesdays, Wednesdays, Thursdays, Fridays, Saturdays",
      "synonyms": [
        "Mondays, Tuesdays, Wednesdays, Thursdays, Fridays, Saturdays",
        "every day except Sundays"
      ]
    },
    {
      "value": "Weekly",
      "synonyms": [
        "every week",
        "weekly"
      ]
    },
    {
      "value": "Monthly",
      "synonyms": [
        "every month",
        "monthly"
      ]
    }
  ],
  "isEnum": false,
  "automatedExpansion": false
}